DATE,Max,Avg,Min
1/1/21,58,50,43
1/2/21,53,51.9,50
1/3/21,53,51.1,50
1/4/21,62,55.9,49
1/5/21,55,50.7,45
1/6/21,55,47.9,42
1/7/21,57,51.9,48
1/8/21,57,53,48
1/9/21,61,49.7,44
1/10/21,57,50.7,44
1/11/21,58,51.8,46
1/12/21,58,53.5,49
1/13/21,68,57,50
1/14/21,67,55.1,51
1/15/21,58,56.8,56
1/16/21,66,54.8,49
1/17/21,73,58.7,49
1/18/21,74,62.9,51
1/19/21,62,58.4,49
1/20/21,65,55.1,48
1/21/21,57,49.7,43
1/22/21,54,51.5,49
1/23/21,57,51.2,46
1/24/21,53,50,46
1/25/21,54,49.3,46
1/26/21,52,46.4,41
1/27/21,55,51.6,48
1/28/21,54,51.5,48
1/29/21,56,49.8,43
1/30/21,57,52,47
1/31/21,61,55,51
2/1/21,64,55.4,49
2/2/21,60,55,51
2/3/21,58,52,44
2/4/21,62,53.2,46
2/5/21,65,51.9,43
2/6/21,65,53.4,46
2/7/21,66,53,45
2/8/21,58,51.5,44
2/9/21,59,54.4,52
2/10/21,62,54,50
2/11/21,57,53.5,49
2/12/21,59,54.5,52
2/13/21,59,54.6,51
2/14/21,57,54.3,50
2/15/21,58,55.6,52
2/16/21,58,52.7,49
2/17/21,61,52.3,44
2/18/21,64,53.6,43
2/19/21,59,54.5,52
2/20/21,59,53.5,50
2/21/21,64,53.5,45
2/22/21,71,58,48
2/23/21,76,59.7,50
2/24/21,70,58.4,49
2/25/21,65,56.8,50
2/26/21,60,53,48
2/27/21,61,52.6,45
2/28/21,69,57,48
3/1/21,69,55.7,45
3/2/21,64,54.3,45
3/3/21,62,54,49
3/4/21,62,54,45
3/5/21,64,55.6,47
3/6/21,57,51.7,47
3/7/21,59,52,45
3/8/21,59,53.1,50
3/9/21,59,52.4,48
3/10/21,55,49.4,46
3/11/21,57,49.6,44
3/12/21,64,53.2,44
3/13/21,56,51.9,50
3/14/21,58,51.7,47
3/15/21,54,49.3,45
3/16/21,56,49.7,44
3/17/21,56,50.2,44
3/18/21,58,54,51
3/19/21,60,55,52
3/20/21,57,52.7,49
3/21/21,61,52.6,45
3/22/21,60,53.4,49
3/23/21,65,57.5,48
3/24/21,68,58.3,51
3/25/21,60,54,49
3/26/21,70,55.9,46
3/27/21,77,58,48
3/28/21,68,55.3,48
3/29/21,62,54.3,48
3/30/21,77,62.8,50
3/31/21,80,66.6,54
4/1/21,83,64.8,55
4/2/21,62,54.8,51
4/3/21,61,54.9,51
4/4/21,61,55.4,52
4/5/21,56,53.6,52
4/6/21,62,54.4,50
4/7/21,59,53.4,51
4/8/21,61,55,51
4/9/21,58,53,50
4/10/21,63,54.8,49
4/11/21,66,54.6,48
4/12/21,65,55.7,48
4/13/21,60,54.6,51
4/14/21,68,56.9,49
4/15/21,64,55.3,48
4/16/21,60,53.1,49
4/17/21,62,55,51
4/18/21,73,57.9,48
4/19/21,62,55.4,50
4/20/21,59,54.3,53
4/21/21,64,55.7,51
4/22/21,61,55.3,50
4/23/21,66,56.1,52
4/24/21,64,55.9,52
4/25/21,59,54.9,51
4/26/21,61,55,50
4/27/21,70,57.9,49
4/28/21,82,61.9,50
4/29/21,62,57.1,52
4/30/21,61,56.6,53
5/1/21,60,55.5,53
5/2/21,65,57.6,52
5/3/21,76,62,50
5/4/21,71,60.8,54
5/5/21,69,57.2,52
5/6/21,61,55.3,50
5/7/21,65,57.1,52
5/8/21,78,63.3,51
5/9/21,75,61.4,54
5/10/21,83,63.9,52
5/11/21,70,59.3,51
5/12/21,67,56.6,50
5/13/21,67,56.5,52
5/14/21,60,55,53
5/15/21,64,56.1,52
5/16/21,66,58.1,53
5/17/21,61,57,54
5/18/21,68,58,54
5/19/21,62,56,52
5/20/21,63,56.2,50
5/21/21,64,56.7,51
5/22/21,70,57.3,50
5/23/21,64,56.6,53
5/24/21,64,57.1,52
5/25/21,64,58.3,54
5/26/21,65,57.5,52
5/27/21,67,60.1,53
5/28/21,67,58.8,55
5/29/21,60,55.9,54
5/30/21,72,60.4,53
5/31/21,75,64.2,55
6/1/21,71,60.5,54
6/2/21,67,58.7,53
6/3/21,71,61.6,55
6/4/21,66,60,56
6/5/21,73,63.5,56
6/6/21,72,62.1,56
6/7/21,65,59.5,55
6/8/21,66,59.4,56
6/9/21,66,59.6,55
6/10/21,68,60.4,55
6/11/21,72,64.4,56
6/12/21,78,66.7,62
6/13/21,76,67.6,62
6/14/21,73,65.2,60
6/15/21,73,64.8,57
6/16/21,85,69.4,58
6/17/21,88,70.5,62
6/18/21,83,69,60
6/19/21,77,66.1,60
6/20/21,75,65,58
6/21/21,74,66.3,60
6/22/21,76,67.8,64
6/23/21,73,67.6,63
6/24/21,73,65.6,61
6/25/21,70,62.5,59
6/26/21,69,63.1,59
6/27/21,70,63.2,60
6/28/21,68,62.8,59
6/29/21,71,64.2,59
6/30/21,72,64.7,60
7/1/21,75,66.5,61
7/2/21,75,65.7,62
7/3/21,73,64.9,61
7/4/21,76,65.1,60
7/5/21,71,63.8,60
7/6/21,68,62.4,59
7/7/21,67,61.5,58
7/8/21,77,64.8,59
7/9/21,74,65.4,58
7/10/21,71,63,57
7/11/21,61,59.9,59
7/12/21,68,61.4,58
7/13/21,74,61,55
7/14/21,73,61.3,55
7/15/21,64,57.9,54
7/16/21,70,60,55
7/17/21,71,60.8,54
7/18/21,73,61.3,55
7/19/21,69,60.8,56
7/20/21,65,60.4,56
7/21/21,68,60.9,56
7/22/21,65,60,55
7/23/21,73,61.6,54
7/24/21,70,59.6,55
7/25/21,70,61.7,56
7/26/21,74,63,57
7/27/21,75,64.1,58
7/28/21,71,62.3,56
7/29/21,72,62.9,57
7/30/21,71,62.1,56
7/31/21,74,64,59
8/1/21,73,64.4,59
8/2/21,70,62.9,56
8/3/21,67,59.2,55
8/4/21,68,60.5,56
8/5/21,68,61.7,58
8/6/21,74,63.6,58
8/7/21,74,62.7,57
8/8/21,74,62.3,57
8/9/21,74,63.5,57
8/10/21,73,63,58
8/11/21,69,62.5,57
8/12/21,71,62.9,59
8/13/21,70,63.4,59
8/14/21,69,62.5,59
8/15/21,71,63.1,58
8/16/21,73,64.1,58
8/17/21,75,64.6,60
8/18/21,74,64.3,58
8/19/21,72,64.3,59
8/20/21,72,64.8,60
8/21/21,70,63.4,59
8/22/21,72,62.8,58
8/23/21,71,61.5,56
8/24/21,70,62.3,57
8/25/21,68,60.8,57
8/26/21,75,61.7,
8/27/21,86,68.6,59
8/28/21,87,69.2,60
8/29/21,74,63.6,58
8/30/21,70,61.7,57
8/31/21,73,63.3,56
9/1/21,70,61.8,55
9/2/21,68,60.8,57
9/3/21,67,60.2,55
9/4/21,72,59.6,54
9/5/21,74,61,53
9/6/21,78,65,55
9/7/21,75,64.1,58
9/8/21,74,63.9,60
9/9/21,68,62.1,58
9/10/21,68,62.1,59
9/11/21,70,62.2,57
9/12/21,75,62.3,55
9/13/21,71,62.4,58
9/14/21,71,61,54
9/15/21,69,61,57
9/16/21,67,60.6,55
9/17/21,68,61,57
9/18/21,70,63,57
9/19/21,70,63.6,60
9/20/21,85,70,57
9/21/21,89,73,62
9/22/21,73,63.5,56
9/23/21,76,62.3,54
9/24/21,71,61.2,55
9/25/21,67,60.8,58
9/26/21,65,61.1,59
9/27/21,72,62.8,59
9/28/21,71,62.3,57
9/29/21,72,61.2,53
9/30/21,82,65.7,55
10/1/21,80,65.9,56
10/2/21,78,66.6,57
10/3/21,85,68,58
10/4/21,79,64.5,55
10/5/21,67,59.1,54
10/6/21,65,59.3,57
10/7/21,62,58,56
10/8/21,63,58.5,55
10/9/21,71,60.6,56
10/10/21,70,59.8,53
10/11/21,63,58.8,54
10/12/21,67,59,51
10/13/21,62,56,50
10/14/21,73,59.8,50
10/15/21,75,62.6,52
10/16/21,81,64.1,55
10/17/21,67,58.1,53
10/18/21,60,55.6,51
10/19/21,66,56.8,48
10/20/21,66,60.5,55
10/21/21,69,64.6,61
10/22/21,65,60.4,56
10/23/21,64,59.7,55
10/24/21,64,61,57
10/25/21,62,58.1,54
10/26/21,64,59.6,55
10/27/21,71,61,56
10/28/21,75,63.6,57
10/29/21,73,61.3,57
10/30/21,64,59.2,57
10/31/21,62,59.4,56
11/1/21,63,61.5,60
11/2/21,66,62.2,59
11/3/21,69,60.5,55
11/4/21,65,61.2,56
11/5/21,63,57.7,53
11/6/21,63,58.2,55
11/7/21,62,55,47
11/8/21,62,54.8,49
11/9/21,65,57.7,52
11/10/21,64,59.6,56
11/11/21,67,60,54
11/12/21,69,60.5,54
11/13/21,65,59.4,55
11/14/21,66,60.4,55
11/15/21,60,57.3,55
11/16/21,63,58,53
11/17/21,66,57.3,49
11/18/21,60,55.7,51
11/19/21,61,57.5,54
11/20/21,64,57.2,51
11/21/21,67,58.7,49
11/22/21,65,56.3,48
11/23/21,63,55.6,48
11/24/21,65,55.4,47
11/25/21,63,55.8,48
11/26/21,65,55.6,50
11/27/21,64,56.8,49
11/28/21,68,58.5,51
11/29/21,66,56.6,52
11/30/21,64,55.2,50
12/1/21,69,59.5,51
12/2/21,61,55.4,50
12/3/21,56,54.3,53
12/4/21,58,54.4,53
12/5/21,58,53.5,51
12/6/21,55,52.7,50
12/7/21,60,54,52
12/8/21,56,53.6,51
12/9/21,57,52.6,46
12/10/21,57,48.8,43
12/11/21,55,48.1,41
12/12/21,55,52.4,48
12/13/21,60,53.3,46
12/14/21,52,47.4,44
12/15/21,56,50.4,45
12/16/21,56,52.3,49
12/17/21,55,48.4,43
12/18/21,52,46.8,41
12/19/21,50,45.1,42
12/20/21,54,48.6,46
12/21/21,51,47,42
12/22/21,59,49.9,47
12/23/21,58,56.2,54
12/24/21,55,52.3,50
12/25/21,54,50.7,46
12/26/21,51,48,43
12/27/21,51,48.2,45
12/28/21,48,46.5,45
12/29/21,50,47.2,45
12/30/21,53,48,45
12/31/21,53,47.5,41